,Time,V1,V2,V3,V4,V5,V6,V7,V8,V9,V10,V11,V12,V13,V14,V15,V16,V17,V18,V19,V20,V21,V22,V23,V24,V25,V26,V27,V28,Amount,Distances,Relationships
1,0.0,0.9806464972049501,0.11769558282586881,-0.8197670686124345,0.004780509806117239,-0.035200288179860206,-0.32302592269353125,-0.29749797795216015,0.1225449452384713,-0.24589005939500677,-0.33110771845110354,1.5910392470721533,1.1956443430887125,0.6336609610657717,-0.06301973133910276,0.5116292657230692,1.0296363739470855,-0.1206286213338395,0.14808830477869495,-0.095849503051887,-0.04000829315545573,-0.5360633110428331,-1.194825435105645,0.23768630013730502,-0.8271083211750367,0.08989517322558407,0.3442761704630069,-0.0846067005934122,0.03866035142506135,2.69,"[0.0, 1.8592922687530518, 6.228065490722656, 6.253859996795654, 8.960776329040527, 8.98084831237793, 9.435476303100586, 9.726642608642578, 9.826118469238281, 10.781057357788086]","[1, 59, 90, 84, 72, 5, 77, 80, 9, 54]"
2,1.0,-0.9671922827338494,-1.3236641744244633,1.03218179647086,-0.04870198065836342,-0.46474371240814544,1.093648888569171,0.7698984693198322,0.36204255913249794,-1.8319787153853764,0.10603172852953385,0.47653869498667856,-0.516366199214215,0.9021370018385904,-0.10317331168491656,2.451606058023385,-3.2187540201270073,2.0677622747509417,0.2279536880456746,-2.489120548644941,1.1371098741146732,0.6503549504565423,1.574571790496017,2.257906107733033,-1.4645600421666212,-1.1254264998584387,-0.17727761848364942,-0.2411800713707971,-0.25599750764205376,378.66,"[0.0, 44.43274688720703, 46.29477310180664, 47.794464111328125, 48.0581169128418, 49.448917388916016, 49.949119567871094, 50.641029357910156, 52.88514709472656, 52.891700744628906]","[2, 97, 96, 28, 38, 49, 42, 20, 52, 12]"
3,1.0,-0.6677217077390444,-0.28732879355758784,1.0549852346769693,-1.0210314312347013,-0.08883567796245757,0.6773456426725153,0.09058769026491428,0.5531998554981641,-1.6712193331543013,-0.20038910851398975,-0.4831893106620919,-0.3242105435885982,0.655616749187925,-0.32405943262444287,-0.925483868331638,-0.900207223226067,-1.1378162034001758,2.9164137043238374,-1.3250598582108806,-0.3153428562962094,-0.24188418913489437,0.06964033964280444,-0.49130228677387916,-2.3516768076235657,1.2693411628345532,-0.3403075661619204,0.15751785917703334,0.22355722098364655,123.5,"[0.0, 26.433677673339844, 27.513914108276367, 29.700830459594727, 29.700830459594727, 29.70113754272461, 29.70113754272461, 30.647201538085938, 31.09246253967285, 32.41935729980469]","[3, 27, 17, 33, 32, 34, 35, 9, 20, 5]"
4,2.0,-0.8143408692939778,0.6664772202730803,0.7734283214703078,-0.030512446085711832,-0.3915245077778175,-0.18888531872479208,0.5264093870820482,-0.40136112198963614,1.1058368112472186,0.7424937036810968,-1.1557472054311595,0.2925805799392113,1.6416404373979683,-1.8302444352883214,-0.010637846762448971,-0.12982480655128634,-0.33902311240011224,0.33507880288253417,0.9777709217580177,0.9063926443097973,0.005704388769740756,1.626802359287104,-0.35915212821528514,0.050557219482053835,-0.8266822622427442,1.0850996903470136,0.6866339187831894,0.8316401822864151,69.99,"[0.0, 16.049711227416992, 16.455970764160156, 18.725046157836914, 21.796545028686523, 22.413673400878906, 23.65869140625, 24.235977172851562, 24.503055572509766, 24.755523681640625]","[4, 42, 49, 97, 28, 16, 78, 95, 74, 50]"
5,2.0,-0.25503876824495486,0.7407621002814012,0.30361044987411856,-0.47737209834347377,0.2400973233667548,-0.28342435798208426,0.3832256487702693,0.3806611529720394,-0.6404459686977487,-0.56965953810212,1.2848868271718474,-0.012933022384124497,-0.363058281092983,-0.050998088916312884,0.37785013814337504,0.9508611067129144,-0.019369014324497086,0.4727107716280125,0.03148847929796713,0.26523887178018063,-0.4921855745870667,-1.0399994083973305,-0.08151357708107623,-0.8847179592169075,-0.8924677291999804,0.30495214838213885,0.8028643109304167,0.30119244468650863,3.67,"[0.0, 5.9076738357543945, 8.902435302734375, 8.98084831237793, 10.209877014160156, 13.374078750610352, 14.487552642822266, 14.519874572753906, 14.841751098632812, 15.303519248962402]","[5, 9, 17, 1, 59, 84, 76, 86, 93, 54]"
6,4.0,1.0095183513319679,0.005399874156122417,-0.9593601626064704,0.5949177188146622,0.06536690480291703,-0.05587002094450289,-0.20717213598436476,0.11681624804894834,0.6614861961417489,-0.25208540530342777,-1.8257210756592928,-0.8931732745799449,-0.8253923731220094,0.5004224327874245,-0.15239809181018357,-0.11986580889920025,0.08954064629701029,-0.40402951601489767,0.01748532873049561,-0.3383175568466105,-0.39067263159938825,-0.4722866393064352,-0.40076452599662304,-1.6301542750041795,1.5217349816406727,-0.4098005478927845,0.062244787649717616,0.0008512843597575646,4.99,"[0.0, 9.481218338012695, 9.553611755371094, 11.979236602783203, 12.516702651977539, 13.957651138305664, 14.436491966247559, 14.578481674194336, 15.729267120361328, 16.438648223876953]","[6, 30, 81, 13, 91, 54, 58, 53, 70, 99]"
7,7.0,-0.42177795457674055,1.1512275612069192,0.22669728333793668,-0.7307632420396147,0.6427427411901806,0.061061610628244466,1.1736326716794188,-5.6124144415890145,0.8509442450185479,1.3216262821612097,-0.9263848691944986,-0.13016735875499758,2.1264935154428315,-2.2000159682923806,0.5689951024781196,0.3455821840847304,-2.099160819195834,-0.07715111586593791,0.4360440321746244,-0.213701475279018,4.896125661170552,-1.9346844202431002,0.1282299909891123,-1.3923713784882386,-1.340643966795649,-0.005134931303222113,-4.129601782327413,-4.313644702213984,40.8,"[0.0, 83.95325469970703, 94.0439453125, 110.89349365234375, 112.58953857421875, 113.65495300292969, 116.90867614746094, 121.88140869140625, 122.86389923095703, 123.05987548828125]","[7, 66, 14, 67, 36, 78, 95, 98, 97, 54]"
8,7.0,-0.6127394372615798,0.13564758041897113,-1.1421230931664377,-0.5581530121222311,1.9550286748598087,2.539260088944762,0.2531460241655857,1.2509597071027538,-0.41797575501566714,-0.6151956005229441,-1.0229778564687646,-0.8188542245214597,-0.278541577257107,0.3319813507337026,-0.5822092066377823,0.17591223926587643,-0.8084699412552375,0.5372602027802926,0.7140693266793596,0.20137210149398221,-0.1545497075572724,-0.4671456919383447,-0.5260811017152769,1.6382369801152692,0.5959415103676179,-0.6596045857230622,-0.014607591938449046,0.5438158090569263,93.2,"[0.0, 3.2734580039978027, 4.297268867492676, 5.473842620849609, 7.860841274261475, 8.935296058654785, 16.028860092163086, 23.11177635192871, 25.958248138427734, 27.63690185546875]","[8, 57, 79, 71, 63, 94, 11, 40, 24, 88]"
9,9.0,-0.18805078259926777,0.883497334410861,0.19210273701999453,-0.5195601841488546,0.29987015904747705,-0.4467216456414536,0.5983355600288195,0.09961806439113771,-0.8521243686302103,-0.5643366742369281,0.9198836574302447,0.8035253583120712,1.242795309768904,-0.6058293029972278,-0.038883864356371485,1.378647492609591,-0.8821062692550828,0.9982909886048036,0.5799838799619911,0.5005262009928901,-0.5889985885998177,-1.1851657680776713,-0.3174940116212694,-0.909570180063336,-0.49196977588460805,0.28189290038209497,0.7771177657417375,0.309087041368891,3.68,"[0.0, 5.9076738357543945, 6.103854179382324, 9.826118469238281, 14.100990295410156, 16.52028465270996, 16.662521362304688, 17.6796875, 17.753170013427734, 19.164775848388672]","[9, 5, 17, 1, 59, 54, 84, 80, 90, 99]"
10,10.0,1.177084413603226,-1.1766632072074905,0.04167803243826911,-1.4218112133732979,-1.5844730338988098,-0.7344348571534318,-1.9464719663397088,0.06855988828714887,-2.091140588597971,1.7618762085504807,1.1251728541907084,-1.7800862514212716,-0.5464244289317197,0.025219042116899078,0.05266582644325432,0.4825015221052138,0.5372951337344981,1.4847673128888295,-0.18133285505986288,-0.6704000064092134,0.006026929866941991,0.6756550204786054,0.05382490536600336,0.7059062171079262,0.29669358182616073,-0.15834631672288074,0.09041413707624758,0.04471007395815994,7.8,"[0.0, 2.5511362552642822, 19.047657012939453, 23.06668472290039, 27.13577651977539, 31.388511657714844, 32.45793914794922, 32.92811584472656, 33.852943420410156, 34.006893157958984]","[10, 19, 12, 27, 61, 91, 29, 31, 53, 58]"
11,10.0,0.364356355707165,0.43171670306923876,-2.0193911022233353,-0.4193067255684204,2.1494966605978587,2.2346930983010966,0.376177723097589,0.7901006164465167,-0.6281314405682102,0.22518644173079613,-0.5199868525508434,-1.1884329838868528,-0.047702919700448265,0.8543760443749042,0.8443669793725697,0.27799324649825585,-1.3627459230724104,0.8479789441261418,0.8693953917331474,0.3465265357176204,0.15433899698775627,0.5274547615843523,0.00730127277588271,1.6110894112921306,-2.205319188024258,-0.8722698457119732,0.0891396983747154,-0.23457569807307652,9.99,"[0.0, 14.965944290161133, 16.028860092163086, 19.618436813354492, 21.84787368774414, 22.521800994873047, 22.543922424316406, 26.37302017211914, 31.345245361328125, 32.99284362792969]","[11, 71, 8, 63, 57, 79, 88, 94, 78, 24]"
12,10.0,1.025054789460711,-1.2173094941004512,-0.5691297218729057,-1.3117025752828193,-1.2138468642834581,-0.8277918756757608,-1.046413757710985,-0.3379483122181814,-2.5617190845370477,1.4083886212310135,0.028995887767582745,-1.0454251454877197,1.4764180331556735,-0.37785458645616665,0.6138475828818999,-0.5910968686017909,1.646025448261177,-0.7077676373661177,-0.7036575317203271,-0.10672997305935802,-0.5511735669492999,-0.8897048137489527,0.196137341496475,0.5094696929042287,0.075070357339589,-0.6021977560954732,0.03492148878601768,0.1482447624928545,121.5,"[0.0, 13.452184677124023, 19.047657012939453, 22.158737182617188, 23.505184173583984, 24.011173248291016, 27.76119041442871, 28.396461486816406, 28.431720733642578, 30.17997169494629]","[12, 19, 10, 27, 84, 72, 80, 45, 99, 92]"
13,11.0,0.8870941830357137,0.1370518088746324,-0.05657952004735855,1.7759668087339717,-0.21703091957425483,-0.0070873378963473965,-0.3194697146801832,0.16803622698180534,-0.20263316220547362,0.40077519275227563,-1.10027628092563,-0.0754857601267356,0.045206762739879454,-0.12588028220855063,-0.9528725155287663,0.18877153194755183,0.30607033159562475,-0.8787097184941095,-1.042643526688325,-0.20667791165408786,-0.063022671152581,0.20540283384291813,-0.1940329334020766,-0.01606985332103099,1.02591120528614,0.30136880410818434,0.01829329849741015,0.06465059186866928,27.5,"[0.0, 7.668976783752441, 9.632429122924805, 9.808462142944336, 10.538610458374023, 11.795753479003906, 11.944029808044434, 11.979236602783203, 12.515239715576172, 13.214057922363281]","[13, 92, 30, 16, 45, 70, 58, 6, 53, 39]"
14,12.0,-2.0620930864916254,-0.4152354739916242,0.880659263243705,1.036750951757875,-0.1851443384009516,0.3465830395113525,-0.7195539470151419,-2.8122967074663223,1.0277101527200891,1.2069330078368457,0.7247111934779394,0.7290828463574057,0.49407211334226275,-1.1336118465977463,0.25214734167996067,0.05813739664098607,-0.19400068329079212,1.3867699679058783,2.5819540953126374,-3.0380505970542577,2.9133028709697375,0.4955664283408104,2.535828471808694,-0.15549108932001793,-0.892351081718723,-0.367130842545003,-0.6106670162675311,-0.1388947861357733,58.8,"[0.0, 51.035133361816406, 51.65361404418945, 57.335941314697266, 58.01075744628906, 58.2493782043457, 58.46010971069336, 59.581478118896484, 59.713417053222656, 60.27600860595703]","[14, 98, 67, 78, 23, 25, 97, 4, 47, 29]"
15,12.0,-0.504380561239255,0.18888332310958317,1.3596568894613075,-1.494537500278292,-0.9644366321213612,-0.31963183568228465,-0.9472820186408063,0.0024851473904353065,-0.4735472704697436,0.736258272029838,-1.1231969107305912,-1.9496625779489738,1.2907773336930466,-1.734148469006166,1.0463263359265906,2.544815095385014,-0.4144822698935789,-0.15672102506991803,0.5582262156986567,0.618898092526927,1.2804760823752168,2.717343128358903,-0.6569267473444849,-0.3258755904515845,-0.41679094134794104,-0.07491167700807172,-0.6654359391680194,0.4923418045865866,15.99,"[0.0, 8.260513305664062, 28.425582885742188, 35.76548767089844, 36.14261245727539, 37.757808685302734, 39.17707824707031, 40.119667053222656, 40.752044677734375, 41.23902130126953]","[15, 44, 4, 43, 93, 67, 78, 16, 98, 97]"
16,12.0,0.9129424200187524,-0.15728199095036854,0.4490973604548679,0.662561343162132,-0.642290748047528,-0.044312286242680216,-0.919655098845941,0.2761631500443768,1.0612399136163413,-0.4489649873003692,-0.7356135441606866,0.9754169079005884,0.8916515954234489,-0.651326482552349,0.19291306863745916,0.1296063229640485,0.06804062550351275,-0.38332322144580977,-0.5820630286911803,-0.12883176412591543,-0.032312482623439505,0.444158773123466,0.01898021170779222,-0.017867496975929667,0.5740644448730989,-0.6558714468534464,0.25910833718510534,0.1269926057859564,12.99,"[0.0, 6.453217029571533, 7.438625335693359, 7.833322525024414, 9.808462142944336, 9.868654251098633, 9.978304862976074, 10.399150848388672, 10.972057342529297, 11.140384674072266]","[16, 92, 29, 45, 13, 30, 53, 50, 26, 72]"
17,13.0,-0.26339406555718026,0.7034727825042456,0.054046734440212636,-0.9145958033798992,0.6173801203174826,-0.3572653069797933,0.6670923304352021,0.1267592132116061,-0.7621205062738208,-0.9974117113976524,0.13774949114701662,-0.15463947576382475,0.3554516321564371,-0.3312535074069813,-0.4185738682524431,1.8900261452493765,-1.5748898608016288,1.2607980699247354,0.09779905014130137,0.003706622536030373,-0.45848496972890174,-1.261521913530422,-0.4076485358136811,-1.8277756495102018,-1.161706896740268,-2.7321355499271497e-06,0.2148177770815365,0.49878968991693645,0.89,"[0.0, 6.103854179382324, 8.902435302734375, 18.064809799194336, 18.357547760009766, 22.50688362121582, 22.50688362121582, 22.51638412475586, 22.51638412475586, 22.951370239257812]","[17, 9, 5, 1, 54, 33, 32, 34, 35, 73]"
18,14.0,-4.055142215004507,-5.011590334250244,0.35570346147633286,1.0123197755691744,2.244464509211444,-1.5878536502606964,-2.113894569801044,0.2341221759307522,1.6290001969328727,0.26651490641262643,0.8066719197766076,1.0326620352240274,-0.2553810308488334,-0.6703091958164541,-0.8065998094290902,1.0398799730221913,-1.2117673702891523,0.48099100744125345,-0.3911339030178618,-4.256112133379818,-1.231789893592268,1.9923920749572703,6.1306728383190325,-0.13031250583087764,-1.503643008671735,-1.126292227396815,1.2695453878604497,3.737392547011372,46.8,"[0.0, 107.26017761230469, 114.48654174804688, 136.65261840820312, 138.16497802734375, 142.50872802734375, 142.8282470703125, 146.01071166992188, 146.13214111328125, 150.398193359375]","[18, 25, 14, 24, 29, 73, 85, 53, 16, 97]"
19,15.0,1.210609057405296,-1.0447649870368698,-0.48744975945452834,-1.4705885698860353,-1.2672443787131331,-0.8035124817192911,-1.526301080252455,-0.08108807393438949,-2.4164540409617334,1.7751986364578385,0.9874691898923856,-1.712587304133385,-0.4323151033558532,0.2915177155506257,-0.25802564122142124,0.2311954878678583,0.6281108187365414,1.0984483428719491,0.13036387517610007,-0.6717547344077296,-0.41554819746242544,-0.2844938296656141,0.08447868030007225,0.33248753622362603,0.49702325526514995,-0.33726868750733613,0.021019514933904453,0.010483119351571282,5.0,"[0.0, 2.5511362552642822, 13.452184677124023, 19.63209342956543, 29.41285514831543, 29.586685180664062, 29.818187713623047, 30.194568634033203, 30.223752975463867, 30.90726089477539]","[19, 10, 12, 27, 31, 81, 58, 99, 91, 59]"
20,16.0,0.6010614658437582,-1.343096322746604,0.17464571111159768,0.3067136126223589,-0.9894634813176344,0.7239238098781778,-1.2784480288932893,0.6531599879209169,-0.4861793172655746,0.5271387121437182,0.9216160908394317,1.5950415208622384,0.5529352774529794,-0.47748956899536743,-1.1257549528786677,-2.147757282285277,1.005873634244573,1.1904385090863876,-1.4017257699614192,-0.17722673639040604,-0.7108749620495343,-1.0638185591054854,-0.14271840765056237,-0.7621071129077293,-0.14385295065916961,-0.7345477340301698,0.2379848419654785,0.23163234253929296,231.71,"[0.0, 20.65298843383789, 21.063552856445312, 21.578712463378906, 21.843929290771484, 23.463537216186523, 24.112716674804688, 25.19475555419922, 25.759233474731445, 26.099327087402344]","[20, 29, 39, 75, 70, 58, 16, 92, 45, 59]"
21,17.0,0.8054616592623907,0.17360718601864464,-1.2093056948466163,1.3040530331517128,0.7805035521231413,1.0150513097263354,-0.06873403368583218,0.7654324668536402,-1.4247049511222076,0.7090293199739316,1.6785586459325783,0.06739373143590567,-1.0434679032353225,1.978758713223964,0.5971007330196042,-0.32081564114537103,0.8036484978465974,-1.8533790636347156,-2.2241906739667074,-0.43677369412729256,0.3899174395482002,0.849626548377582,-0.13678747588273152,-2.7097582757957706,0.6391919540459678,0.4900585469003658,0.001003543827467768,-0.07737925352410507,34.09,"[0.0, 16.808263778686523, 17.95953369140625, 23.611251831054688, 28.161914825439453, 28.362499237060547, 28.604944229125977, 28.836227416992188, 29.16187286376953, 30.06487274169922]","[21, 96, 68, 22, 81, 38, 58, 65, 70, 31]"
22,18.0,0.9613677523487854,0.3294330185681699,-1.089227155542258,1.4232329991062367,0.24605929365734475,-0.19373679010117478,0.09492667794410423,0.20059300557309176,-1.1700842894763515,0.9398164607965644,0.6121929486779661,-1.5400941232347862,-2.4187156645927637,2.2379499436852397,-0.20578696437693936,0.9796126133233509,-0.7275422934424066,0.25692160477533466,-0.8545376764484711,-0.511767491026083,0.07615366609506291,-0.0624051315829499,-0.2751480090677892,-0.8828729128224861,1.16084004555376,0.31015033204928805,-0.19109757471848982,-0.06476813788656613,2.28,"[0.0, 9.011374473571777, 13.145164489746094, 16.648666381835938, 17.39836311340332, 17.983856201171875, 20.473295211791992, 22.43901252746582, 23.611251831054688, 24.216087341308594]","[22, 62, 81, 31, 91, 58, 70, 6, 21, 13]"
23,18.0,0.2593443930047362,0.12802801952000908,0.35474241898097614,-0.4181990714984265,-1.083412173104625,-0.37400531555824296,-1.3615804003029996,-2.3862996240400403,2.020703699183566,-1.1046503710343694,-0.8854822429501057,0.26985607284626245,-0.47516126130699604,0.34472576804283267,1.5547707876055568,-1.3273865807720775,1.4837766073309993,0.9466943675457584,2.5321214605784417,-0.36080841888348847,4.16168456740489,0.4529010905029379,-0.4788828182885081,0.5646387829726808,1.6947797503034128,-0.3515322124717449,1.0824163800596975,0.9713894157875157,22.75,"[0.0, 31.39775276184082, 39.968624114990234, 51.872066497802734, 52.095130920410156, 52.42292785644531, 53.9578742980957, 54.1264762878418, 55.54474639892578, 55.867008209228516]","[23, 47, 56, 91, 53, 16, 46, 42, 28, 92]"
24,22.0,-1.4164344595413518,-0.16141346239041662,-1.4791237701181674,-1.1381783747498984,2.1627542636477965,1.9623419554628694,-0.2781927485548817,1.2575327467723498,0.13877290259077307,0.5332319787028226,-0.3194009861165529,-0.9992695677501668,0.11019286824741878,0.2587178432731669,1.141338900001178,1.1752095179388917,-1.6587926354734344,0.4410357026376658,0.6216383504368594,-0.3325370155915274,-1.421921978910307,-1.5100987244658175,2.160130384479266,1.586847626263954,0.46821419579175705,0.39103128707948176,2.3347562792962644,0.03816810377010046,0.89,"[0.0, 25.314983367919922, 25.80128288269043, 25.958248138427734, 28.834686279296875, 30.127796173095703, 32.99284362792969, 34.25123977661133, 35.36244201660156, 36.57929992675781]","[24, 71, 57, 8, 63, 94, 11, 79, 25, 40]"
25,22.0,-1.514024208026036,-0.23013054385375076,0.512132488745023,-0.02505771490760054,0.14416254426076663,-0.9830184954631906,0.46636477083329275,-0.15695520986107409,0.6749686739815933,0.03812741835214388,-1.1937798762455498,-0.9389181934158998,-0.712648030953853,-0.30934268219055483,-0.44936721639819643,0.019804370571993066,0.10371078084574828,-0.24492894502569798,0.6410328550615485,-0.6693440783026914,-0.9814690568190156,-0.38725056218223125,1.840481372458595,0.5198750929513447,0.2914001437483707,0.6365720899998032,1.1612097695182138,0.9427304230196868,26.43,"[0.0, 15.51176643371582, 18.97728729248047, 19.776077270507812, 20.357685089111328, 21.852813720703125, 22.31648826599121, 22.523195266723633, 22.59331512451172, 23.116863250732422]","[25, 36, 93, 30, 97, 99, 95, 53, 80, 49]"
26,23.0,0.9664609119667077,0.19607297644614985,-0.6844206751670278,0.5409072957375807,-0.2125915888245605,-0.9503012432982336,0.25177197512431615,-0.4849298688787216,-0.2348384566544081,-0.190105696254565,-0.3895060565142674,1.0484835804723422,1.8139207694346122,0.38098744591827965,0.6544579129926443,0.42353636384443527,-0.829682752087552,-0.034430647688706614,-0.37311399952904456,0.15211717698753727,0.19710959436689585,0.5066215457887873,-0.3917235273591574,0.5864784811365599,1.4595646213497562,-0.5669513852578879,0.0009958990750975774,0.09926081616468331,41.88,"[0.0, 8.24990463256836, 9.865279197692871, 10.265323638916016, 10.925355911254883, 10.972057342529297, 11.925741195678711, 12.377071380615234, 12.578509330749512, 12.832035064697266]","[26, 92, 72, 91, 80, 16, 50, 45, 30, 99]"
27,23.0,1.0805892056465813,-0.27729223565311395,-0.5107784531621626,0.10481098141068391,-0.7191372707884556,-0.8863691054095542,-0.5257558437432537,-0.3283649905440974,-1.2736994045268295,0.8772516692795321,-0.9512394401208576,-0.8203338236208781,0.48352746063846336,0.5087038351391043,0.6779251367913771,-1.275422761689343,-0.3031124318988519,2.0224524988709955,-1.334107785695056,-0.9393340631431571,-0.6828096132318113,-0.5756668011433934,-0.10979289881825025,0.42613859046693214,1.0538482030050147,-0.4549141424479833,0.0886764776207807,0.09443838143173017,16.0,"[0.0, 15.581604957580566, 19.028278350830078, 19.213726043701172, 19.63209342956543, 20.905433654785156, 21.325422286987305, 21.518733978271484, 21.773494720458984, 22.158737182617188]","[27, 91, 99, 80, 19, 26, 61, 72, 54, 12]"
28,23.0,-0.246119876177712,0.6913331880017364,0.9794420388070734,0.8067831339442426,-0.07529718666050339,-0.4117871287867253,0.7070605965196874,-0.04590944245532878,-0.6715833758165807,-0.5402316252151507,-0.24145523586977702,0.7185490925686309,0.8064413378689015,0.04101087704704971,-0.12215792673449373,-1.3388175124009376,1.4703059612466023,-0.8302673869372799,0.6842577388648365,0.2896900600865049,0.2227377915269705,0.9573095028198799,-0.11176735888556713,0.9649655797018584,-0.7723570265446351,-0.449611541035552,0.5625942296557292,0.5844098536890552,33.0,"[0.0, 4.657788276672363, 5.163356781005859, 5.743892669677734, 9.672152519226074, 12.786097526550293, 13.663518905639648, 13.97360610961914, 15.137967109680176, 15.349876403808594]","[28, 49, 42, 97, 55, 76, 92, 56, 45, 95]"
29,23.0,0.8794665640659778,-0.2784393139595056,0.4477113965838937,0.5820092504332661,-0.6804273612535162,0.17416084378059848,-1.1416890024591972,0.5879815537891695,0.9569055917764566,-0.21180792586514466,0.9544817128579179,1.0934928395374026,-0.5794306374692588,0.12505335216642577,-0.45732456315393394,0.44767867614321644,-0.2613357319031255,0.43887830295739544,-0.24519827773647343,-0.2558701741742614,0.0635686674878339,0.47897704902036914,0.020630625847014663,-0.20176433443064645,0.4029718063482266,-0.68108190264122,0.22079008624849344,0.07623115966823761,12.99,"[0.0, 5.958531856536865, 6.0101423263549805, 6.52174711227417, 7.400040149688721, 7.438625335693359, 8.623260498046875, 9.866424560546875, 10.06373119354248, 12.327674865722656]","[29, 70, 58, 39, 31, 16, 81, 75, 53, 59]"
30,24.0,1.0154541052370758,-0.06634977856671842,-0.5730535545908789,0.24992969075120533,-0.3553570292135697,-0.6328089271694354,-0.19287922309240949,-0.2000239854788354,0.6285480877712406,-0.37823122109116775,-1.2756744628337613,0.2735791365809376,0.46845699353067843,-0.0788881094699989,-0.45698697924476395,0.1993777544208638,-0.12380181896050234,-0.4321148071898633,0.4630873536770661,-0.034595310079948406,-0.5859148331616196,-0.983202539413426,-0.12618089169964908,-0.0627260650008524,0.9298053258311065,0.6650194940588,-0.13094044083766887,0.027234476696482185,17.28,"[0.0, 6.011274337768555, 6.199406623840332, 6.425473213195801, 6.895212173461914, 8.338481903076172, 8.380291938781738, 8.875232696533203, 9.481218338012695, 9.632429122924805]","[30, 80, 45, 99, 54, 72, 84, 92, 6, 13]"
31,25.0,0.9211861827620887,-0.04436256347226866,-0.4426038894067166,0.6990654341351998,-0.3099159645798257,-0.2691483858810682,-0.34650609123650083,0.2750391032765565,0.33491324419250224,-0.04027441379362862,1.050639820375517,0.4442280771522712,-1.698027862897817,1.1404131492338447,-0.9744560672756223,-0.22819271868197266,0.3672686413057153,-0.1293581253672715,-0.09576565974746643,-0.4457129026068828,-0.10398652117653064,0.04993784936204642,-0.0941942632057485,0.15414974824785002,1.0670331256124566,-0.5682032869140277,0.04384205290099423,-0.001978094895971092,4.45,"[0.0, 0.6807290315628052, 1.6354159116744995, 1.9036974906921387, 3.9255924224853516, 7.400040149688721, 10.201318740844727, 12.229190826416016, 12.403440475463867, 12.485749244689941]","[31, 58, 70, 81, 39, 29, 75, 53, 92, 34]"
32,26.0,-0.3344325183255556,0.6630269117300969,0.5412092960765704,-0.23198925611747592,0.234927981446252,-0.18564874643669288,0.671464232389711,0.2565498640380276,-0.28530431350858726,-0.7018460973155157,0.7562147325144001,0.8296493297290783,-0.6144243146758027,0.38018477204442336,-1.9331308788150061,0.08180075918946755,-0.4703335399302755,-0.13643808335332414,-0.8622015499947646,-0.4784373743035731,0.14688998861296187,0.46792430066887086,-0.4793723930182312,-0.20526723673113764,-0.07799265571469498,-0.9917299605561952,-0.30174093431992444,0.0726177539377167,6.14,"[0.0, 0.0, 0.0016012296546250582, 0.0016012296546250582, 8.042430877685547, 10.346105575561523, 10.60434627532959, 10.854692459106445, 12.497810363769531, 13.304685592651367]","[32, 33, 35, 34, 76, 70, 39, 58, 31, 75]"
33,26.0,-0.3344325183255556,0.6630269117300969,0.5412092960765704,-0.23198925611747592,0.234927981446252,-0.18564874643669288,0.671464232389711,0.2565498640380276,-0.28530431350858726,-0.7018460973155157,0.7562147325144001,0.8296493297290783,-0.6144243146758027,0.38018477204442336,-1.9331308788150061,0.08180075918946755,-0.4703335399302755,-0.13643808335332414,-0.8622015499947646,-0.4784373743035731,0.14688998861296187,0.46792430066887086,-0.4793723930182312,-0.20526723673113764,-0.07799265571469498,-0.9917299605561952,-0.30174093431992444,0.0726177539377167,6.14,"[0.0, 0.0, 0.0016012296546250582, 0.0016012296546250582, 8.042430877685547, 10.346105575561523, 10.60434627532959, 10.854692459106445, 12.497810363769531, 13.304685592651367]","[32, 33, 35, 34, 76, 70, 39, 58, 31, 75]"
34,26.0,-0.33861466224713893,0.6552887221336928,0.5456226316115524,-0.23033193338059402,0.2497780481652718,-0.19561071574023234,0.64918231671083,0.261965645443447,-0.283950182075131,-0.6992635088141657,0.7554365534377034,0.8327533987876097,-0.6145144215025093,0.38249875753890744,-1.9333797071754184,0.07985450655509041,-0.4687429597652506,-0.13599255696074153,-0.8626194196947513,-0.4644009750891481,0.15334233166405503,0.4648447283121273,-0.483271525396757,-0.20577372838988803,-0.07970972214782275,-0.9928466462452921,-0.31868290784997844,0.0810066648265112,1.77,"[0.0, 0.0, 0.0016012296546250582, 0.0016012296546250582, 8.034760475158691, 10.325006484985352, 10.590642929077148, 10.841255187988281, 12.485749244689941, 13.28866958618164]","[34, 35, 32, 33, 76, 70, 39, 58, 31, 29]"
35,26.0,-0.33861466224713893,0.6552887221336928,0.5456226316115524,-0.23033193338059402,0.2497780481652718,-0.19561071574023234,0.64918231671083,0.261965645443447,-0.283950182075131,-0.6992635088141657,0.7554365534377034,0.8327533987876097,-0.6145144215025093,0.38249875753890744,-1.9333797071754184,0.07985450655509041,-0.4687429597652506,-0.13599255696074153,-0.8626194196947513,-0.4644009750891481,0.15334233166405503,0.4648447283121273,-0.483271525396757,-0.20577372838988803,-0.07970972214782275,-0.9928466462452921,-0.31868290784997844,0.0810066648265112,1.77,"[0.0, 0.0, 0.0016012296546250582, 0.0016012296546250582, 8.034760475158691, 10.325006484985352, 10.590642929077148, 10.841255187988281, 12.485749244689941, 13.28866958618164]","[34, 35, 32, 33, 76, 70, 39, 58, 31, 29]"
36,27.0,-0.11761680422108105,0.3035427975263736,0.942886233225028,-0.1405072574455716,-0.08926088814355164,-0.7206536404586115,0.7729348297255776,-0.3670661970877531,0.25076415398661883,-0.6041995131138785,-1.1435756450068262,-0.9440608243579532,-0.683094142817877,-0.3209695532593433,-0.591582120232735,-0.10025617709308784,0.029822072424492002,-0.26566173053064657,0.4707379495100515,0.18747299215572014,-0.4579944276329748,-0.5987890715588996,-0.21096260514657533,0.509383965005795,-0.39722247009018785,0.48626611729661184,-0.6463572982596896,-0.8251841653075968,30.49,"[0.0, 8.804991722106934, 10.187488555908203, 11.481399536132812, 12.248992919921875, 13.536808013916016, 13.933842658996582, 14.696160316467285, 14.755043029785156, 15.355847358703613]","[36, 95, 97, 30, 42, 66, 99, 80, 76, 49]"
37,27.0,-1.0388616334342284,1.4627375143550045,-0.30663381139943885,0.5747465508993238,-0.4211055189508771,-0.07534353870906828,-0.5167546498077061,1.606562793442955,-0.6893841909283018,-0.08124029227520779,0.6561098989701432,1.249019373623828,-0.25717689802793603,1.5892559389336782,-0.8040577066861254,-0.5824885727042475,1.3537983510079328,0.2318058167951571,1.1766010280477421,0.11414313278038223,0.2353648734122524,0.6989981292398828,-0.18828308627020546,-0.1689077312265459,-0.4304080381802653,-0.382648423449199,0.4494528945149699,0.45737838266680825,1.8,"[0.0, 1.8209033012390137, 12.354959487915039, 13.879013061523438, 14.093067169189453, 16.179431915283203, 16.879806518554688, 16.95993423461914, 17.331771850585938, 18.623207092285156]","[37, 41, 49, 76, 87, 28, 70, 39, 58, 31]"
38,29.0,0.8313340430538847,-0.23112385391634405,-0.38138016938090746,0.20692078559007457,0.02165001228161679,0.6094725840504281,-0.5621299863626321,0.5973846571689583,0.501398075548915,-0.612535147053945,0.5421130808722766,1.5186055693981744,0.5193304689132399,0.12940604195201463,0.6928239668632551,-1.6710523310200824,2.448390093725756,-3.2611207033719127,-1.5861046995670411,-0.3062745141555549,-0.16175360004604686,0.2730584756521739,0.3900367507364576,-1.257222770137089,-0.051026313585540606,0.8322284292542704,0.11642205453786797,0.0006051570648638321,20.53,"[0.0, 6.568899154663086, 17.945236206054688, 18.492233276367188, 22.373043060302734, 24.44997787475586, 26.589786529541016, 27.865535736083984, 28.362499237060547, 30.100862503051758]","[38, 68, 96, 45, 92, 72, 84, 16, 21, 39]"
39,29.0,0.9187968378767125,0.030267234026479607,-0.4155847697600186,0.6909672714092392,-0.22707925233933152,-0.2463824646804659,-0.23990809401352306,0.17044953318968206,0.09808601199797408,-0.08391337303057188,1.289186847605784,1.574498661508309,-0.2385561686856507,0.6943408740432068,-1.1284940938146177,-0.30152852173168876,0.24075608990249106,-0.3247930465317011,-0.10599036702264773,-0.2798387245004737,-0.06510896823004665,0.24720650309378756,-0.13601107499899456,0.21628552796330672,1.1682094341285394,-0.5768214215693181,0.06988332086142073,0.00999927033293105,6.54,"[0.0, 1.2525579929351807, 1.4712588787078857, 2.1054952144622803, 3.9255924224853516, 6.376873970031738, 6.52174711227417, 7.028327941894531, 9.947614669799805, 10.590642929077148]","[39, 70, 75, 58, 31, 92, 29, 81, 45, 34]"
40,32.0,1.0243337497677105,-0.68169704169654,-1.830694697754869,-1.1213947380891354,1.0096131085614592,2.517559923571541,-1.5380076171947272,1.422150219313926,1.146658515896644,-0.4945976794880178,-0.7423058227728815,-0.2355334184013302,0.03833924569567105,-0.20259043399545704,0.20180999304807362,0.841290146406783,-0.8308000716737475,0.5375561561180443,0.7190366516378647,0.29077016187213106,0.013562492023339114,0.07735075300891162,-0.33916582893051017,1.823175270582246,0.9083054198209933,2.451531810415185,-0.21709672489760515,0.0005579285060064202,29.89,"[0.0, 15.963310241699219, 16.51680564880371, 23.11177635192871, 25.662288665771484, 26.89840316772461, 28.3488826751709, 31.839576721191406, 32.7345085144043, 35.81077194213867]","[40, 94, 63, 8, 71, 57, 79, 30, 88, 11]"
41,32.0,-1.4640545350877596,1.8516336988311035,-0.8453994711656542,0.561141971801837,-0.7026761529276074,-0.12390243618527666,-0.9577404146956366,2.25231372646632,-0.6633209261078772,0.015285585034427465,0.5148583890457877,1.5380183197124802,-0.1847323023069919,2.0328381936044746,-0.8324672052749085,-0.4548317389680598,1.6383543428632548,0.261057815403206,1.1371378373463013,0.15382563310484546,0.2670115387330415,0.6385195739945786,0.012179841643444858,-0.17932891896954642,-0.2366708963488454,-0.3682800393440162,0.3789162363045638,0.4472067693440854,2.35,"[0.0, 1.8209033012390137, 19.464088439941406, 22.395761489868164, 23.100605010986328, 24.159353256225586, 24.168672561645508, 24.565492630004883, 25.75518798828125, 25.872859954833984]","[41, 37, 49, 87, 76, 39, 70, 58, 28, 31]"
42,33.0,-0.39398169490696916,0.8043113451842567,0.9944224075335303,0.6179869838621987,0.23827103663575902,-0.1713944009880478,0.8427926719712822,-0.26249336850460964,-0.2308712109426122,0.03696621025755096,-0.6642158431835361,0.05287332348671678,0.62521568452698,-0.4644297388886028,0.05789960606514906,-1.2652143778293508,0.9861919759938347,-0.6441554658530143,0.9282597473509668,0.6008150190885985,-0.1893681824415891,0.5665186053280821,-0.677430181967226,0.008627804210270488,0.10546131184100936,-0.33068790657175545,0.26418248617711465,-0.15031955984580883,14.8,"[0.0, 2.3338496685028076, 3.663675308227539, 5.163356781005859, 12.248992919921875, 13.213939666748047, 14.456771850585938, 14.645683288574219, 15.14898681640625, 15.295560836791992]","[42, 49, 97, 28, 36, 92, 76, 95, 45, 56]"
43,33.0,-0.6443952508538584,0.03179176503498998,2.1537412840096386,-1.1889490497362196,-0.31403852405825733,-0.2523465467621879,-0.5641134161307593,0.5905292660875512,0.024859000371082976,-1.130515060782574,1.5226762101641624,1.004294460673929,0.5469934936069676,-0.22622925399411384,0.3038028551750222,1.5115401493469058,-1.385545407783282,0.8207176677977809,-1.3042636233866702,0.0861394348365722,1.034031459462063,2.1502760740374876,-0.4113181737348219,0.3319249841927214,-0.957741343666772,1.580892569986357,0.10329226805120856,0.3521022281380173,9.1,"[0.0, 21.779720306396484, 28.17452049255371, 28.8846435546875, 29.373361587524414, 29.373361587524414, 29.430118560791016, 29.430118560791016, 31.17020034790039, 31.654809951782227]","[43, 76, 29, 5, 35, 34, 33, 32, 9, 44]"
44,34.0,-0.5118952530329015,-0.006476687514800255,2.042853574077722,-1.8129079412268767,-0.7623026982073882,-0.4632398023659578,-0.7158157667139446,0.21260176140347872,-1.019531406555521,-0.18136840656628964,-1.0015588349323086,-1.4913180148153358,1.6827884249650928,-1.6843874043986058,0.5312342568204639,2.8470841309309414,-0.7345790580666369,-0.3368106225278505,-0.2647293544922907,0.809004438676053,1.114510155268184,2.5342396369519977,-1.027226994134178,-0.0339441573179183,0.8606414966361888,-0.08199364394946734,1.023624248389439,0.5168947709221329,15.99,"[0.0, 8.260513305664062, 31.654809951782227, 34.31024169921875, 35.760108947753906, 40.25840759277344, 42.87943649291992, 43.99441909790039, 44.51959991455078, 46.20316696166992]","[44, 15, 43, 4, 93, 16, 26, 91, 9, 42]"
45,34.0,0.9397517278171286,-0.07001673410466339,-0.2631219032838734,0.3371433189584661,-0.4382550771810875,-0.5696899124913332,-0.21789014728404177,-0.10953845255986759,0.4622572138446754,-0.45127260704245353,-0.23069583110082287,1.296856796363259,0.9338014357341868,-0.14375040458409286,-0.2950975493234606,-0.45629862473035443,0.765652321878615,-1.3831132179104528,-0.24052435663239666,-0.05837949420595468,-0.3819233674125824,-0.4265162024316723,0.13298361394029862,0.6252277842740579,0.5659750997159056,0.6365915199543983,-0.06271013462546403,0.048095121651678056,21.34,"[0.0, 3.1251039505004883, 3.909893035888672, 5.206189155578613, 6.199406623840332, 7.686471939086914, 7.833322525024414, 9.941862106323242, 9.947614669799805, 10.538610458374023]","[45, 92, 50, 72, 30, 84, 16, 75, 39, 13]"
46,34.0,-0.15236512418260098,0.2786948859683087,0.42883432592449705,-1.7034572002167014,-0.01557095588291102,-0.3527937198379017,0.2992272889773931,0.13758254812988913,1.1035229522492567,-1.8763274181631322,-1.1820791779731914,-0.5327317274186749,-0.011121583855702298,0.4724456309883422,2.039553976734046,-0.11949626792677519,-0.4841413983395232,0.4677309576946714,0.762902454522812,0.030454372542182726,-0.1332166366530554,-0.17723130610121146,-0.40681887107106607,-1.6669262390540946,-0.3222203229780252,-1.5473504254137687,0.38806943398366955,0.22924908081425316,18.95,"[0.0, 21.056930541992188, 23.236190795898438, 23.61949920654297, 24.310688018798828, 24.62004852294922, 25.03075408935547, 25.261337280273438, 25.70152473449707, 25.88739585876465]","[46, 93, 54, 5, 56, 6, 99, 17, 80, 97]"
47,34.0,0.22435857824550212,0.32527231138721086,0.5719442008405503,0.10118757134977245,-0.5619523524228918,-0.6670997990270211,-0.2943915789912868,-1.353866336413793,0.4159308163527286,-0.696703584878307,-0.8057856586891362,0.5371102700597028,0.16403262859947532,-0.08770690396171509,-0.8771646699483109,-0.16333979473707744,0.4872192285375355,-0.4770561423679704,0.04233966829376598,-0.34360816185320636,1.829735225357567,-0.2782162495910639,-0.43101683580996064,1.2093212275828127,1.6895459741523138,0.9675104201846222,0.4277645264194929,0.8478000019853748,9.99,"[0.0, 11.366020202636719, 13.837836265563965, 13.875215530395508, 14.681069374084473, 17.169736862182617, 17.978038787841797, 18.946613311767578, 19.256698608398438, 19.511159896850586]","[47, 50, 92, 45, 30, 13, 16, 76, 72, 26]"
48,35.0,1.1292350898599934,-0.8337751077201218,-0.11465837393117477,-1.0221399322319273,-0.8925470187553795,0.003260079359399718,-1.6621878273861217,0.07479097905514127,-0.307582478632693,0.5364692996233817,-2.067296633543346,-0.5566740277495859,2.467602801290729,-1.1415132619829267,1.4424967376814948,0.097414156813853,-1.58078287448518,2.8658646302500026,-0.6773579716787682,-0.44412875506415644,-0.5434541691000705,-0.18326637803680204,-0.3430704558381817,-1.9030835908879895,0.12479330368674546,2.448341102930527,-0.05247997341364577,0.059180104856179014,30.9,"[0.0, 18.410015106201172, 33.49475860595703, 34.151947021484375, 34.98783493041992, 39.50982666015625, 41.35089874267578, 42.34069061279297, 42.348426818847656, 43.23314666748047]","[48, 61, 27, 54, 3, 30, 80, 84, 99, 16]"
49,35.0,-0.7417823100619247,1.151431322192878,0.24086585418956125,0.6252880733119817,-0.07921468913657013,-0.2265205644108253,0.4297352372264995,0.35257989174777465,-0.11876762672544795,0.19124986791702395,-0.8276818310470385,0.38110153124140733,0.7113008918291213,-0.013374757340044476,-0.021112929463783965,-1.1251195552855124,1.2252011557448872,-0.6153869097545195,0.8525911268135786,0.5625412235298971,-0.11399028103132193,0.6761627881214435,-0.34016510318176635,0.0013332972728936623,-0.389007536402646,-0.4151150045833146,0.34671319077843554,-0.05502935785640081,20.22,"[0.0, 2.3338496685028076, 4.364157676696777, 4.657788276672363, 12.348703384399414, 12.354959487915039, 12.930242538452148, 14.548666000366211, 14.586753845214844, 15.167001724243164]","[49, 42, 97, 28, 55, 37, 92, 45, 76, 56]"
50,35.0,0.9863740608853555,-0.004515706211137719,-0.016269798491289424,0.4384950459093641,-0.6787184348102663,-0.9266947380296063,-0.25081697143113685,-0.3093414479981449,0.5701898111779135,-0.42586375049025665,-0.3353097179695111,1.6221182776399083,1.342607625113953,-0.5439401289772006,-0.8648857685401654,-0.2942815319926261,0.4639088055176336,-0.7662384001942879,0.045672188335786346,-0.04701673669241161,-0.07702748477346759,0.44901304177589985,-0.09804360201276613,1.641335136654959,1.0525179028067262,0.8873460511257846,-0.07407686901061998,0.051367807111565265,0.99,"[0.0, 3.909893035888672, 5.809033393859863, 10.399150848388672, 10.570043563842773, 11.091123580932617, 11.366020202636719, 11.925741195678711, 12.525842666625977, 12.784683227539062]","[50, 45, 92, 16, 30, 75, 47, 26, 72, 39]"
51,36.0,-0.6972482135514261,-1.0058504466816893,-1.055499770926419,2.5562428564265773,-5.138912124986534,3.592842197405215,5.161123852074428,-2.959259135370241,-0.2752523394328366,-0.4056706407390629,-0.06405832622589838,-0.7378138596802456,-0.8824792275209073,-0.42190555031100657,-1.2647619837710444,1.088654219343259,0.24964890735221554,1.445660681973547,1.4153655291058953,0.09295464910225323,3.518672982937723,-0.6901734355568311,2.4086666153194827,-0.17167546680820778,1.0815623460076997,0.7524465500119435,2.840759212689262,-0.3184550490797955,1402.95,"[0.0, 114.81616973876953, 121.03539276123047, 123.6513671875, 123.95857238769531, 125.35508728027344, 126.19389343261719, 126.5196762084961, 126.73365020751953, 127.71574401855469]","[51, 47, 14, 25, 76, 87, 70, 91, 13, 64]"
52,36.0,-0.822887250969063,0.9182415806243733,0.6098503839157413,0.32707395208548484,-0.16014536937387375,-0.16923750910181165,0.12351048641768805,-0.16305388444300142,-0.15337643273163587,0.6334101744251445,0.28686351238842434,-0.7971111322442109,-0.349020248081994,0.5779466035918608,2.4508850883455766,-1.0433407775535046,1.6211579287947167,-1.1024906944324486,1.040293619919269,-0.14200854636120305,0.09066802687550939,-0.1766504209694549,0.5169188103100942,-0.04746132424772289,-2.6454936277201204,0.5426816095639043,-2.7896858292572313,0.90999074692677,7.99,"[0.0, 28.211177825927734, 30.283212661743164, 32.09596633911133, 32.695335388183594, 32.93435287475586, 33.225650787353516, 34.33250045776367, 34.4529914855957, 35.343162536621094]","[52, 97, 49, 55, 28, 42, 98, 72, 36, 64]"
53,36.0,0.9070682025786487,-0.22528825756803725,0.5996063309599191,0.8256150832807169,-0.881100769765409,-0.20625304595880029,-1.088602507367826,0.4207578122311643,1.3307804637910092,-0.3103022394516211,-0.80100266363668,-0.6773026187355243,-1.4965857082051108,0.08432692468757869,0.36439039541711654,0.17689871385464387,0.45532132293980776,-0.22285335640995216,-0.7637190183499737,-0.44809504922679244,-0.05390401800872923,0.2424160945774271,0.20821355985829282,0.45187924584137373,0.2957002967301555,-0.6480368664585617,0.21931376368107394,0.11582136159778385,2.09,"[0.0, 9.978304862976074, 10.06373119354248, 11.664667129516602, 12.229190826416016, 12.515239715576172, 12.927302360534668, 13.636037826538086, 14.578481674194336, 15.438231468200684]","[53, 16, 29, 91, 31, 13, 81, 58, 6, 70]"
54,37.0,1.0599364548967116,0.18529232495346604,-0.9177108875180615,0.09754310979278587,-0.16521622267355462,-0.837644349041085,-0.111118534869338,-0.25076218569438097,0.16631998600821635,-0.4642150681920756,-0.847514868341618,-0.5454788517351341,0.4158367177506568,-0.3762604139708241,1.078022533302226,1.2474930788401084,-0.27243002161700014,0.22706263617565672,0.0741382994424506,-0.03386622541913221,-0.7810531074079088,-1.7664543527303624,0.14399247207591082,-0.560256277880842,0.3856222244730076,0.3481858942036725,-0.13440557864554034,0.08010577043018398,0.99,"[0.0, 3.753864288330078, 3.9515583515167236, 4.720215320587158, 6.895212173461914, 8.191837310791016, 9.66415786743164, 10.781057357788086, 13.212017059326172, 13.957651138305664]","[54, 99, 80, 84, 30, 60, 72, 1, 91, 6]"
55,38.0,0.19124492243217264,0.6619464205408655,0.10122787560965248,1.0638576208032213,0.02505333437038813,-0.17764314493340547,0.4848774946677849,-0.04564947757814717,-0.4215840065740477,-0.09813819978726603,-0.7926878032865108,0.45316728022915953,0.9461393773331792,0.11103545970153049,0.18570304148919814,-1.4497867174733705,1.4374988657516086,-0.4972653843059206,1.543123908764195,0.27488885368359317,0.3204826380332719,1.4174930833088373,0.2872460946805651,0.004723570581552907,-3.053690450719064,-0.5005978432190789,1.0516834859344169,0.991749238640654,21.76,"[0.0, 8.90512466430664, 9.672152519226074, 12.348703384399414, 12.362297058105469, 16.853748321533203, 22.934967041015625, 23.694183349609375, 24.956029891967773, 25.990720748901367]","[55, 64, 28, 49, 97, 42, 56, 37, 4, 87]"
56,39.0,-0.35287991184323936,0.07245109875628988,-0.03853881824332931,-0.9348143023198052,-0.05439587176574998,-0.681348952073325,1.136554469768045,-0.3031611314982439,0.4063394548589582,-1.717072013633053,-0.33476514359163695,1.0046113850635576,1.042931044440018,0.4594609577900555,1.1026505170668068,-2.006477994143973,1.4091219490618092,-0.27730852054570104,1.8416916980568043,0.8563418282894976,0.5605442560222904,1.4384106970744532,-0.02977323775002161,0.061647599968134875,0.28265581771589654,-0.7704117234523604,0.44253111761653785,0.5321974132724916,120.96,"[0.0, 13.97360610961914, 15.167001724243164, 15.295560836791992, 17.304441452026367, 22.934967041015625, 24.0500545501709, 24.310688018798828, 25.576431274414062, 25.894533157348633]","[56, 28, 49, 42, 97, 55, 92, 46, 76, 45]"
57,39.0,-0.9462089325261206,0.11894240710104606,-1.2058369061678704,-0.8942688579892141,2.4220623522284903,2.1589728257488647,-0.27369289669388996,1.3162884122721576,0.053442348891233775,-0.3296827094579121,-1.0905665187374909,-0.6563904388539256,-0.36133509589277907,0.12272548067910517,-1.0430922720408249,0.480684933378556,-1.3057271292708368,0.3647505663208579,-0.10381287580199428,-0.1287624409316552,-0.3489178710272129,-0.5528277982943706,-0.9524622957477479,1.6442464555012175,0.5487524271393828,-0.9079311055306046,0.48272063571317225,0.8852684911762431,13.84,"[0.0, 3.2734580039978027, 5.312923908233643, 10.840264320373535, 11.708539962768555, 13.207883834838867, 21.84787368774414, 25.80128288269043, 26.89840316772461, 31.613624572753906]","[57, 8, 79, 71, 94, 63, 11, 24, 40, 34]"
58,40.0,0.9186529863042315,-0.04759663393952783,-0.5436189062234593,0.6638511224779532,-0.2104835647118591,-0.17004965338845043,-0.3000028041689298,0.25405599333637147,0.2673799270484413,-0.06010643817967526,0.9277051518982139,0.7294139352446181,-1.1359629507490212,0.963323636181295,-1.0107951298283182,-0.17669918526651862,0.18908333689145998,-0.10987641292006264,-0.014739745009902295,-0.33874069524292577,-0.110974021138851,0.03650090987874285,-0.19172168503430254,-0.19922074159879077,1.1626288473937343,-0.5479433421098798,0.04665237743734619,-3.286607323116189e-05,13.84,"[0.0, 0.332722544670105, 0.6807290315628052, 1.5420722961425781, 2.1054952144622803, 6.0101423263549805, 6.845035076141357, 9.633600234985352, 10.841255187988281, 10.841255187988281]","[58, 70, 31, 81, 39, 29, 75, 92, 34, 35]"
59,41.0,0.9519698146175736,0.11707788006105734,-0.5680458290210978,0.10400483703436204,-0.2468338149299402,-0.5556388075435964,-0.30079237882412563,0.08967556917401565,-0.2523871735546545,-0.324926439782868,2.087489232298796,1.3080315267166436,0.2811673208101426,0.06913707479207724,0.4932392088490864,0.8455468867656658,0.24572516862190505,-0.04266690070729024,-0.32084775690343126,-0.10043643390224383,-0.4545221341964472,-1.0357977812778572,0.4081887557827557,0.13373467320316934,-0.10148236152757803,0.28076590472750923,-0.08679996191449314,0.05821897262200101,2.67,"[0.0, 1.8592922687530518, 6.092944145202637, 7.274609088897705, 7.603495121002197, 10.209877014160156, 10.594066619873047, 10.611797332763672, 11.381391525268555, 11.683242797851562]","[59, 1, 90, 84, 72, 5, 80, 39, 77, 99]"
60,41.0,0.8234622134783752,-0.30324577919010665,-1.5796300536017938,-0.026869476325948716,0.15214205872798592,-0.4345086546305978,0.5167043493706478,-0.309571377757566,-0.23591214032662525,-0.3606053515112788,-0.9363653832336317,0.10771900975022465,1.0126759868681687,0.8701921758160507,0.9545914158767911,0.4059078720630647,-0.46501346141744127,-1.0321993302393149,0.08117572318228948,0.619005454669135,-0.7366455762661579,-2.329569941514325,-0.20951746831420331,-1.5595295742897453,0.3839198998726553,0.4908124398455461,-0.30820808794076937,0.08830166176318864,169.05,"[0.0, 8.191837310791016, 10.08845043182373, 10.303131103515625, 10.408073425292969, 11.613420486450195, 13.090018272399902, 14.614215850830078, 14.948363304138184, 15.051595687866211]","[60, 54, 80, 99, 84, 30, 72, 77, 90, 1]"
61,41.0,0.9400906769007794,-1.1915711002049114,0.6102322461852194,-0.6039460806049339,-1.6593056799499328,-0.4432713429439199,-1.8034590944605828,0.15113712479058602,0.2454098664035193,0.4401005638829212,-1.237336129509429,-0.9426403455587226,0.2301026207714261,-0.8649432746747173,0.6949649342759365,-0.687500925569469,-0.057025211929578615,2.3700145284463354,-1.0434014037183161,-0.49619100231620306,-0.36182964484202257,-0.0007405408781926712,-0.06482861763935632,0.5841206490970863,-0.39320501464026925,2.3426751612459427,-0.08335383921926014,0.14484939817180495,96.94,"[0.0, 18.410015106201172, 21.325422286987305, 27.13577651977539, 27.78838539123535, 29.29749298095703, 29.82558822631836, 30.14512825012207, 30.36248779296875, 30.787506103515625]","[61, 48, 27, 10, 53, 30, 99, 16, 80, 54]"
62,41.0,0.9452577899926881,0.39488980531813334,-0.7880373350784655,1.6865389651845764,-0.15129858920356185,-1.046891989630124,0.4511584960262316,-0.3591631323477149,-1.0531013481694222,0.7481857048055708,-0.7340637471009182,-1.76196387678626,-1.4812469140874482,1.6258640647524747,0.15403019102515905,0.8161867793330894,-0.4298718754610354,-0.19724341796308098,-1.0749109356339719,-0.2816820395626254,0.05713300100491966,-0.17576667684876518,-0.20678759587324944,1.0539857187306447,1.236448569601246,0.19242362369539134,-0.23388366916235648,0.044703098121097996,34.13,"[0.0, 8.64390754699707, 9.011374473571777, 15.847845077514648, 17.177265167236328, 19.05722427368164, 19.18495750427246, 19.415569305419922, 20.786054611206055, 21.077360153198242]","[62, 91, 22, 13, 99, 80, 81, 31, 72, 58]"
63,42.0,-0.12014907462949874,0.23710646324490645,-0.9332664966953824,-1.1753809493950926,1.7573470056659535,2.550362478479221,0.18728304862800432,0.9875762779383779,0.09490615898863557,-0.45074624920883183,-0.7861484274483407,-0.9063326860650647,-0.2643773605536561,-0.3028125214066304,-0.4048360455607852,0.2913245084735426,-0.8982273566232633,0.19357101620211487,0.9418899165896902,0.31023545122766977,-0.6159158789775095,-1.151803135286404,-0.4071768259089256,1.6738883247206033,-0.02444563268193661,0.7076037885105045,-1.0277522913798942,-0.9056897267293588,32.51,"[0.0, 7.087334632873535, 7.860841274261475, 13.207883834838867, 14.355247497558594, 15.015986442565918, 15.457921981811523, 16.51680564880371, 19.618436813354492, 24.798221588134766]","[63, 79, 8, 57, 94, 71, 88, 40, 11, 36]"
64,42.0,-0.3288980568971022,0.7850891243896859,-0.6929909502241313,0.8082053228962178,-0.6201852869023375,0.00622935697866588,1.7123417941663646,-0.5914663574196407,-0.5285225218393776,0.46626353865947606,-0.18904431703050645,0.38001859291807905,1.7370059272296803,0.23447479189717724,1.6638121445165197,-0.7756882569287624,0.5246900761247218,-0.1406752309282663,1.1066050229433573,0.0710870523047941,0.46104656601753424,2.045573983145138,0.15863548157503826,0.08075339067388855,-3.045092302818185,-0.4986300232689404,1.0200698866880908,1.2342305822157325,243.66,"[0.0, 8.90512466430664, 19.644800186157227, 21.479862213134766, 24.284854888916016, 25.860363006591797, 26.206113815307617, 27.94321060180664, 29.535022735595703, 34.24890899658203]","[64, 55, 28, 49, 97, 4, 42, 56, 78, 74]"
65,44.0,-0.6170979325127279,0.0011388007922635641,1.159494904580992,-0.5092420484446374,0.7209206000263126,1.1724573369622848,0.09526601961778774,0.9512399428787169,0.008491500018161555,-0.7245805801151581,1.187149839941227,-1.0350538732171086,-2.9037195932444733,0.8937464450966734,0.18072860840780394,-1.294033100945185,1.7972426297607575,-1.686027283311962,-0.6630138529778002,-0.14431825460771192,-0.17477133033580702,0.026048936166250532,-0.3847714598454524,-2.7330244426132664,-0.38050838919184227,0.908685130489229,-0.41481819029779254,-0.7731953843751785,21.55,"[0.0, 23.317584991455078, 28.836227416992188, 30.77294158935547, 32.116249084472656, 32.861995697021484, 33.919166564941406, 34.71562576293945, 35.343284606933594, 35.530067443847656]","[65, 68, 21, 87, 76, 81, 38, 5, 31, 96]"
66,44.0,-0.47562136634414487,0.34096209362817115,1.0880450238755957,0.13640869860874208,0.5663556478569947,-0.3452800740940459,1.6458255027165887,-1.178651035049014,0.38412431999234403,0.17244130528714807,-1.4774703005383918,-1.2462058402176137,-0.13408750571168304,-1.2223839187548176,-0.6257314996839368,-0.38527250672229796,-0.8165676381047607,0.04864733153101545,0.5612976646141123,0.3095327559425812,-0.5217897821252492,0.02424471897482638,-1.0953195725088571,-0.44513470689863677,0.5074077408866567,-0.7695955631711913,-2.331900330364101,-1.8918387107917916,59.9,"[0.0, 13.536808013916016, 22.083627700805664, 22.77090072631836, 25.109325408935547, 25.809200286865234, 25.906829833984375, 28.893760681152344, 29.134227752685547, 29.94932746887207]","[66, 36, 42, 97, 67, 78, 95, 30, 98, 49]"
67,44.0,-0.6544505168648772,0.10177993123712788,2.3965441988531104,1.8551485238743943,0.03002346769249521,-0.28163771031855706,-0.03685673630445611,-0.4558713787883223,-0.08191737587836993,1.07140107287273,-0.8284710648739185,-0.9549473257319302,0.15379602565917844,-1.5031711034859958,-0.11718573618234594,0.27761585411858497,-0.22702869812537024,0.26797312282744123,0.3206030706149383,-0.014453643827489922,-0.18014704541024182,0.8763287086826644,0.5032961471179446,1.0991239451992099,-1.8000491226324489,-0.0299257414772715,-1.1181072152623561,-1.0975720349390614,0.75,"[0.0, 4.429985523223877, 17.567014694213867, 18.835126876831055, 23.0322208404541, 23.804424285888672, 25.109325408935547, 25.238788604736328, 25.62921905517578, 26.061674118041992]","[67, 98, 97, 36, 42, 95, 66, 78, 4, 49]"
68,44.0,0.7783959530321714,-0.4115683652306132,-0.5649172634972169,0.08012189841086531,0.10724194883329818,0.9806815049998348,-0.7252752079819264,0.9037157829357518,0.36084960845278996,-0.399395443753467,1.9652571676055397,1.7438237645423789,-0.5056167424862553,0.7662480209358837,0.033651591022715775,-1.247360768880863,1.8763984469920083,-2.345632451992668,-1.1219568457039215,-0.27046768304904156,-0.07213170023948479,0.21511686968557417,0.226046134369369,-2.0178290662384386,-0.11169040354186964,0.8393805259939819,0.06761022657506882,-0.04317589790660618,45.71,"[0.0, 6.568899154663086, 17.95953369140625, 20.905376434326172, 22.538501739501953, 22.97913932800293, 23.317584991455078, 23.566509246826172, 23.963863372802734, 24.538856506347656]","[68, 38, 21, 96, 39, 70, 65, 58, 45, 75]"
69,46.0,-1.398628923645139,-0.9022154274468763,1.6626193730080834,1.209854099698538,0.23712591816086803,-0.5469816835280251,0.3782439166016665,-0.8238640749375792,-0.7417251490323389,1.5100948296554877,-0.8116548713526233,-2.3177061961569274,-0.41306461242474063,-1.3068932565527482,0.17412410393280145,0.4799133595610552,0.747661696089969,-0.9738012316443722,2.2070243341118383,-0.6347353639979225,-1.6897746520575014,-1.4709021028961566,2.699493153405693,0.7393830673801476,-1.214019450306621,6.130137759795366,-2.0431848934917682,-1.586768626536838,35.0,"[0.0, 57.634647369384766, 64.47013854980469, 65.91825866699219, 66.84463500976562, 74.70086669921875, 81.56437683105469, 82.5866928100586, 83.91920471191406, 84.54447937011719]","[69, 98, 67, 36, 25, 52, 61, 95, 30, 99]"
70,46.0,0.8391393040737418,-0.18492731087321282,-0.6109887923072117,0.6943128375904216,-0.22834999011493992,-0.14411961622597433,-0.19032888012010518,0.21305003562974412,0.20663532074217664,-0.09912359151528023,0.9800692110726071,0.9821972763770372,-0.7999928520200967,0.8856722731666625,-1.0363128780068842,-0.18296550635740058,0.1623254180060815,-0.13778001230567052,-0.03568222135579212,-0.08416283492281815,-0.02136086236490456,0.022210574844033965,-0.31792425016601544,-0.1571965017405032,1.1379078892798136,-0.562239258417636,0.01787781087083113,0.04006975269272461,67.97,"[0.0, 0.332722544670105, 1.2525579929351807, 1.6354159116744995, 2.743849039077759, 4.8612165451049805, 5.958531856536865, 8.191740036010742, 10.325006484985352, 10.325006484985352]","[70, 58, 39, 31, 81, 75, 29, 92, 34, 35]"
71,46.0,-0.2185895117371364,0.5365367593498971,-1.1501476341225298,-0.2004678700459475,1.897577960946449,2.595964838976322,-0.12837192598490374,1.4361120325949939,-0.44393964366437727,-0.12838507120952833,-0.9322475723387611,-0.8281064104296653,-0.194755084499431,0.4516691469902579,-0.027488301635535596,-0.32038295794072374,-0.17342887338492144,0.669668454317747,1.7144623241864636,0.722173726440468,-0.24008466224239008,-0.24927765635650248,-0.5021484930421919,1.6424428428159015,0.036678178273702025,-0.3711898581012734,1.3347766666545715,0.7827203510365863,11.45,"[0.0, 5.473842620849609, 10.840264320373535, 14.058189392089844, 14.965944290161133, 15.015986442565918, 16.612659454345703, 25.314983367919922, 25.662288665771484, 29.61214828491211]","[71, 8, 57, 94, 11, 63, 79, 24, 40, 87]"
72,47.0,0.9852151281854152,0.09138370745476987,-0.4242743273008275,0.16865489522716196,-0.35971727322585073,-0.8216754961840198,-0.10333927474265416,-0.19512298961049654,0.01000692873774897,-0.26469205677234575,0.11861519479467882,0.5195612619403737,0.5735163063348898,0.6845052232130622,1.0695406123602857,0.19257481695403594,0.09826573821319481,-1.061807279829302,-0.5992949596408816,-0.1428432415579394,-0.34599621966315114,-0.6755233852956948,0.3482512423817926,0.549882106904617,0.2003855330690342,0.454159862020964,-0.10965804733295663,0.043685153481279465,3.63,"[0.0, 3.0897433757781982, 3.09096097946167, 3.7642171382904053, 5.206189155578613, 7.603495121002197, 8.233558654785156, 8.338481903076172, 8.960776329040527, 9.66415786743164]","[72, 80, 84, 99, 45, 59, 92, 30, 1, 54]"
73,48.0,-0.37316967027561376,0.3119927827110177,0.5249293987165888,-0.5437244755469932,-0.10268567061569052,-0.6516804296215059,0.41640119975968953,0.1706757564719459,0.22334722713627617,-0.6269311983577843,0.27942244722345577,-0.6602089754086716,-2.275742775660003,0.7798245082303742,-1.8259749519351187,0.6005883958540241,-0.6380860959563356,0.5102253308280233,0.04580973715788028,-0.495087909297332,-0.07621172138512228,-0.23271991921034116,-0.011894623587840625,0.3451671310713376,-1.9926170518103319,0.06587822702771179,-0.07557051468634458,0.6301363366977205,21.66,"[0.0, 14.009038925170898, 14.009038925170898, 14.016998291015625, 14.016998291015625, 14.91179084777832, 15.90050220489502, 16.460979461669922, 17.509052276611328, 17.666318893432617]","[73, 35, 34, 33, 32, 76, 36, 87, 5, 86]"
74,48.0,-1.2994830050174546,1.5430289461513413,0.11735233704695894,0.5242450444642202,-0.23838923502216017,-0.41119648326683667,0.5554799544055632,0.09172453245799402,0.9452820891739658,1.6744345668744218,-0.4104222176977864,0.09727566525480168,0.07699630083015621,-0.537577571706588,0.0991715715186794,-1.3604791276070574,1.2929379166297315,-0.7892531344564874,0.5913758741404901,1.420196942529354,-0.4232427678324959,0.5210075172323952,-0.24411602757320222,0.5547538307624765,-0.0192466548665303,-0.3620683015700487,2.687144932662624,2.427717214497437,26.72,"[0.0, 18.021860122680664, 21.060466766357422, 22.175939559936523, 22.431873321533203, 24.503055572509766, 27.1060733795166, 28.141700744628906, 28.700395584106445, 31.267763137817383]","[74, 49, 42, 28, 87, 4, 97, 55, 25, 37]"
75,49.0,0.9094235479426681,0.06051264157312559,-0.406004175774849,0.689425831498435,-0.18049055399675287,-0.2310178997755653,-0.16603658224934187,0.10448315035193789,-0.04743736286023152,-0.11349628556605096,1.4350522375237682,2.2655980543453915,0.6544680711923538,0.4239397498466285,-1.2218632149979276,-0.34544890784352106,0.1637269441943006,-0.44281016756069,-0.1141759903419874,-0.1568313631739885,-0.03321316965359158,0.3622017131534501,-0.1733821364022051,0.25475938248864893,1.225203088793777,-0.5832137726828382,0.08237595422031292,0.021013090707086804,13.18,"[0.0, 1.4712588787078857, 4.8612165451049805, 6.553698539733887, 6.845035076141357, 9.866424560546875, 9.941862106323242, 10.201318740844727, 11.091123580932617, 11.790810585021973]","[75, 39, 70, 92, 58, 29, 45, 31, 50, 59]"
76,49.0,-0.34948986832433365,0.25480299378755006,0.982185630537511,-0.18692776010998902,-0.22360077554585106,-0.0700382506326645,0.4135119065340021,0.36731648220040053,-0.2113270850011569,-0.8085957802734047,1.0150879366965035,0.7817956117223718,-0.6117943298013191,0.21310619427851976,-1.3905361626959583,-0.32229931904765774,0.4873888526412427,-0.06930784861182704,0.28951407104109306,0.13050420961785675,0.31745882911506806,0.8811172885499972,-0.1783470257408174,0.2762406589206476,-0.3109746705753397,0.8758347848065882,0.037509856310832694,0.15253219671065138,59.99,"[0.0, 8.034760475158691, 8.034760475158691, 8.042430877685547, 8.042430877685547, 11.968706130981445, 12.169416427612305, 12.786097526550293, 12.834978103637695, 12.949102401733398]","[76, 34, 35, 32, 33, 39, 70, 28, 58, 95]"
77,49.0,0.7741824245883938,-0.18131869033845094,-0.9223722816544118,0.4001699661492252,-0.02956054287142361,-0.24890397020035118,0.1921958475378235,0.0539434063050966,-0.41730198309899824,-0.09943839628588765,1.3417598670879005,1.2198520086970324,0.18326224124183202,1.4033468558417475,0.29236667464353205,0.5973611793552313,-0.7952900336437269,-0.30504204071556484,-0.019279716341422018,0.33475503428895104,-0.8069022304274834,-2.4932659275971725,0.19524563026372646,-0.8828413435566523,0.06025257239394221,-1.5459472172219932,-0.05120450722800423,0.12104357985652336,135.51,"[0.0, 6.993211269378662, 9.435476303100586, 11.381391525268555, 14.274887084960938, 14.614215850830078, 14.722888946533203, 15.591240882873535, 16.19817352294922, 16.274173736572266]","[77, 90, 1, 59, 80, 60, 99, 70, 72, 84]"
78,50.0,-0.3662128603111545,0.8404328508682762,0.4638257293431529,0.07879686368557917,0.35712945384461214,-0.4562005774391576,1.1006756303124383,-0.6082505863913835,-0.1497911518817003,1.0347150930080435,0.9703718846793284,-0.3564336734541386,-0.28278486035564265,0.20784502116391337,0.31299637917993844,0.16203214276844388,-1.3017697292460098,1.230596669169043,0.9824034738066947,0.7997662852745331,0.03823184694897124,1.1613492649398918,-0.5137167817677791,-0.20461647706793332,-0.7616449154105334,-0.6398408086158907,0.1876327023197897,-0.7139864576981652,9.79,"[0.0, 17.12945556640625, 17.86615562438965, 18.51654624938965, 19.447052001953125, 19.845247268676758, 20.12967300415039, 20.343894958496094, 20.372875213623047, 20.372875213623047]","[78, 5, 97, 42, 9, 87, 76, 49, 33, 32]"
79,50.0,-0.4427358086316572,0.41232866964612147,-0.7622100122497089,-1.024175375729769,2.1817755193416057,2.472052810180946,0.4900483682267327,0.9886506400819219,-0.16192833157427863,-0.6081333806938907,-1.0168811227483319,-0.9451199960012121,-0.4439105926216237,-0.13405805510616095,-1.0574166948649983,0.3942466699906235,-1.4636640294699526,0.3749296844310298,-0.11241746503644717,0.09136083988023658,-0.3123533639262245,-0.5305125526577205,-0.8447141649979714,1.6104915378203075,0.9134322992436806,-0.9231176408143917,-0.757544553267797,-0.47872997679184576,14.8,"[0.0, 4.297268867492676, 5.312923908233643, 7.087334632873535, 12.707454681396484, 16.612659454345703, 22.521800994873047, 25.855445861816406, 28.3488826751709, 29.556900024414062]","[79, 8, 57, 63, 94, 71, 11, 88, 40, 35]"
80,51.0,1.0325968028363026,0.10700761409904673,-0.4182995735850135,0.13992129413667884,-0.4439474114288266,-1.0076587370684402,-0.11938331186315108,-0.311118883200359,0.12064095536262276,-0.21516656289868272,-0.4579495955852456,0.06023678862556519,0.5013659833719257,0.6086456176680366,0.9533632937083937,0.821415446108594,-0.6767457468447652,-0.3245888004170654,-0.06657472338890245,-0.07941371921232106,-0.6130803725277907,-1.3922474996900431,0.3237933292592349,0.48969309192150684,0.21793672418063006,0.2820736959600624,-0.15113839021327125,0.056359056312663414,1.98,"[0.0, 0.20002713799476624, 3.0897433757781982, 3.9515583515167236, 4.271479606628418, 6.011274337768555, 9.483229637145996, 9.726642608642578, 10.08845043182373, 10.569988250732422]","[80, 99, 72, 54, 84, 30, 91, 1, 60, 45]"
81,52.0,0.946666640351901,-0.06815152079556101,-0.707787429979917,0.6014965812338765,-0.11460351850613262,-0.0345330142751649,-0.36392248493745105,0.3328877761148119,0.39348882585737566,-0.038358744527730734,0.4997089241147604,0.07868232901508149,-1.6689159648387932,1.10795019438329,-0.9203998914033402,-0.02629641532533766,0.02768307289252992,0.10689336100379544,0.13125751476716668,-0.41022774921665334,-0.19058077826331082,-0.15819875085463767,-0.2599382000589851,-0.7970589275709334,1.2347167648175932,-0.5044528924952982,0.03822577476471052,-0.02189110220768054,6.67,"[0.0, 1.5420722961425781, 1.9036974906921387, 2.743849039077759, 7.028327941894531, 8.623260498046875, 9.553611755371094, 12.876100540161133, 12.927302360534668, 13.145164489746094]","[81, 58, 31, 70, 39, 29, 6, 91, 53, 22]"
82,52.0,-2.225073177782467,2.212003475754445,0.6984767496816826,-2.2374938127441304,0.15265010645260782,-0.8814717870897967,2.33244210033656,-2.697742524303979,5.125782055509834,6.925230818085818,2.6734525645450864,-0.515051878368927,-0.3577447751924852,-4.940354373528865,0.12219354300854114,0.05723019197373935,-3.385950144803394,-0.17662951673089392,-0.9873378653377647,4.9648046947273645,-2.1050220461477407,-0.29665783054486894,-0.4248702357837452,0.7338320905785819,0.014118812311475017,1.001966624756493,-0.9026819076013479,-4.3944028823583245,1.46,"[0.0, 162.06619262695312, 162.9216766357422, 171.045654296875, 181.62132263183594, 181.6863555908203, 190.40139770507812, 190.44448852539062, 194.58578491210938, 194.88560485839844]","[82, 78, 66, 4, 67, 83, 98, 36, 95, 7]"
83,53.0,-0.8454537420877014,-1.4438474004349622,1.1095418093901992,-3.8780410949307003,0.16884983214373542,-0.39232886710073706,0.9762786111407477,-1.5149570233147154,2.2176542392946317,-0.22838275808282307,1.647361122658005,0.20249305707480048,-1.0394720903433485,-1.8286449474151305,-0.04905393967341862,-3.119706432480072,-0.8173642039581197,1.5322713521515763,-1.6410606357755881,-1.428565815521163,-1.105501345625495,0.7163405451731539,-0.9268349468530745,-0.7730001517783492,-1.063919333255099,-2.3517921708072165,-3.8477728048080255,-2.924990783443922,89.17,"[0.0, 63.90875244140625, 79.0394287109375, 79.0394287109375, 79.0793685913086, 79.0793685913086, 79.6519546508789, 80.12627410888672, 82.52347564697266, 84.35867309570312]","[83, 66, 35, 34, 32, 33, 88, 95, 36, 78]"
84,54.0,0.9886978268434977,0.1675506740519047,-0.6875260313293967,0.15772750722153536,-0.19435741275800375,-0.7047799347224273,-0.1414655357850354,-0.14035936404142335,0.021757571067868492,-0.5367979529390128,0.03738636665479513,0.3468740326133407,0.8539445490950995,-0.4387346604148687,1.259772384739974,0.6508313960401063,0.5247863411870012,-0.6519588550909096,-0.5662957251885574,-0.04331226053458394,-0.5995141489292121,-1.2762827915241894,0.35486729683160706,-0.12129601912437463,0.06503755105596193,0.33648233866594135,-0.06983325988236648,0.0967956473982529,7.53,"[0.0, 3.09096097946167, 4.271479606628418, 4.720215320587158, 5.058976173400879, 6.253859996795654, 7.274609088897705, 7.686471939086914, 8.380291938781738, 10.408073425292969]","[84, 72, 80, 54, 99, 1, 59, 45, 30, 60]"
85,55.0,-3.424121400005493,-4.095470133453897,2.91023340062866,0.3612762387130155,2.2087092976355205,-0.6305468630809107,-3.5190643305240554,0.9789656557088787,2.4970039094324012,-0.853104240691618,0.20635095002550383,1.4169693285060745,-1.1426440377123932,-2.0605140347030817,-2.873342204373013,0.17165591309398712,-0.09457228399340578,-0.13878914900584038,-1.7830572620425154,-1.8072420052855616,-0.08929035730853503,1.7349614976876888,-2.4444142838368763,-0.41668239357373693,0.6821410336685648,-0.5029740839144,1.7953932680096152,-1.8248932856940006,200.01,"[0.0, 87.51759338378906, 92.76099395751953, 92.76099395751953, 93.0067367553711, 93.0067367553711, 93.47257995605469, 95.54547119140625, 96.49090576171875, 97.13815307617188]","[85, 29, 34, 35, 32, 33, 16, 76, 43, 53]"
86,55.0,-0.520445430969863,0.6443816506527148,-0.06851972771796158,-0.5304193698841378,0.5317970748227009,-1.3435646302941178,0.779733210442733,-0.014592429628882082,-0.8828103439058228,-1.3550469446261124,1.4685716314944566,-1.1293029344608843,-1.8423294510934678,-1.0074153680828093,-0.5416017696607434,1.4592747890165139,0.9102561815703013,1.4593880290440744,-0.6681490190022854,-0.10297022746300216,0.11787265113511605,-0.17024343140778778,-0.4628181369868114,0.522830873230519,-0.3851224518761424,0.4215497160001572,0.03946728333382894,0.5065284301151391,0.76,"[0.0, 14.519874572753906, 17.666318893432617, 20.492935180664062, 22.371734619140625, 22.371734619140625, 22.37175750732422, 22.37175750732422, 23.26690673828125, 24.27311897277832]","[86, 5, 73, 76, 33, 32, 34, 35, 36, 17]"
87,56.0,-0.5773851064538245,0.8151815724734434,0.4491397810267521,0.5424452347478518,-0.06468141495364454,-0.007561072224758294,0.2878990067175846,0.46475621222730745,0.03973932219996412,0.4868953327204306,0.6871838695212922,-0.7512590999144714,-2.2583639146200407,1.0122370617005803,-0.5077887410067925,-0.7845787716426619,0.9050823298655749,0.3891356291066681,1.2008364786824417,0.3517380839880659,-0.030895360441824567,0.48147632255258654,-0.3454615184557141,-0.22067527529614767,-0.6561498013736138,-0.38170248310277577,1.2387422606912455,1.074025034949851,20.22,"[0.0, 14.093067169189453, 15.591031074523926, 16.015466690063477, 16.460979461669922, 16.69830322265625, 17.698726654052734, 17.761329650878906, 18.180368423461914, 18.94524574279785]","[87, 37, 76, 31, 73, 81, 49, 58, 97, 5]"
88,56.0,0.1367591474715317,-0.16777380060434266,-1.5855248933632795,-2.8111862489577306,1.8702219296623948,1.8431741085544244,0.37596749626077675,0.38805415914462055,1.234028588095696,-0.9946180038541911,0.007634289458072473,-0.6002454739495475,-0.0721980637060998,0.12005106136925474,1.666992678264893,-0.05534351059323451,-1.4806393895319496,0.6212209681349342,1.4933841447592155,0.4282414228192309,-0.5702463254440115,-0.7994897531374634,0.03053997713061019,1.6408747583756598,-0.9566530608182537,-0.48056184379445455,-1.38789352804034,-1.7445732105497245,10.84,"[0.0, 15.457921981811523, 22.543922424316406, 25.855445861816406, 27.63690185546875, 32.7345085144043, 32.862815856933594, 34.42026138305664, 34.45642852783203, 38.50999450683594]","[88, 63, 11, 79, 8, 40, 94, 57, 71, 46]"
89,59.0,-0.5203252162311877,-3.8413733000988004,-2.0859409418910673,-0.3245727335443127,-1.3762083925587194,0.08519076787090626,0.7035235019399292,-0.46571300408427635,-0.9855699047155394,-0.11610686689293628,-0.9242336691272262,-0.968013465697732,1.9347152060738741,-0.27327364453797354,1.1757165967069576,2.1198822958288517,0.29987875933788977,-1.2241200377691424,0.06329660381405193,4.937178491679984,2.2604976209418695,0.1105798560791558,-2.8523182210127134,-1.4019472505161807,-0.07904741291577819,-0.3151561574428693,-0.6340726255478923,0.8035634717976742,1142.02,"[0.0, 66.95467376708984, 72.0451431274414, 75.56917572021484, 75.680908203125, 75.90013122558594, 79.03732299804688, 79.45550537109375, 81.04037475585938, 81.58426666259766]","[89, 60, 15, 44, 91, 26, 54, 84, 12, 30]"
90,59.0,0.7737855101524066,-0.266888860821981,-1.1203836983194848,0.025062824657829767,-0.0973600158653337,-0.5601432037210541,0.39112692955210376,-0.17591366197277852,-0.6519895038392809,-0.15797851978358532,1.8446234093337468,1.8560747075121362,0.8579606523350994,1.2724809895803664,0.07399526405722902,0.33514459504294414,-0.37953643324172104,-0.7685753002541609,0.057297631316302194,0.5219240898271461,-0.49500927764824043,-1.7670943447918845,0.05574920082240956,-0.147527636984727,0.06032362750270603,0.3587540796978806,-0.3025720828620956,0.0688279052055471,149.9,"[0.0, 6.092944145202637, 6.228065490722656, 6.993211269378662, 10.752951622009277, 13.267574310302734, 13.365446090698242, 13.435983657836914, 13.934209823608398, 14.795570373535156]","[90, 59, 1, 77, 72, 84, 80, 75, 39, 70]"
91,60.0,0.886916827533889,-0.08183433336541321,-0.6544960846811516,0.6841520239775997,-0.43362365288657556,-0.9065367338747687,0.05415359737362362,-0.2845944767901643,0.14687320243167967,-0.08776102202609025,-0.7999498315515564,-0.8157939060956412,-0.49855261948486695,1.0159302370681826,0.9314474049522973,0.6769013813486532,-0.7016349352992789,0.400429726310689,-0.49487045072748626,0.09291844023621787,0.3192442769076147,0.3828527985584565,-0.4594125594686264,0.5077543333112208,1.2136010895932552,-0.47108927269761924,-0.05870366391957591,0.12209061913093189,89.4,"[0.0, 8.574265480041504, 8.64390754699707, 9.483229637145996, 10.265323638916016, 11.546369552612305, 11.664667129516602, 12.516702651977539, 12.848493576049805, 12.876100540161133]","[91, 99, 62, 80, 26, 72, 53, 6, 30, 81]"
92,60.0,0.9158554899470934,0.07309061301176506,-0.3911098102491883,0.8090724177251276,-0.27312008013975736,-0.5173865439583553,-0.011847850614060343,-0.13025539970087371,0.25774354727005494,-0.31990576511159546,-0.3490658647069222,1.1975126119368285,0.7885990128230629,0.06896191651655746,-0.440508475647881,-0.6390619189662897,0.6857102362311029,-1.135089498125399,-0.49842303878863314,-0.12475460784207734,-0.12102449827762808,0.17687478069190032,-0.13433294945526025,0.6028005152135076,1.25195110649933,-0.5680832358990902,0.0879107462486523,0.07640667186842529,26.72,"[0.0, 3.1251039505004883, 5.809033393859863, 6.376873970031738, 6.453217029571533, 6.553698539733887, 7.668976783752441, 8.191740036010742, 8.233558654785156, 8.24990463256836]","[92, 45, 50, 39, 16, 75, 13, 70, 72, 26]"
93,62.0,-0.7202968602804343,0.7726076697733677,1.5154303336593216,-0.4790876363618043,-0.31154134092231395,-0.3680912334595166,0.07319910824216352,0.42298366351201055,0.1944131826532579,-0.32047066553813414,-0.6635058551600749,-1.7067395036059256,-1.1464556320321708,0.37558443794930857,1.5628067102563026,0.6555407496295432,-0.18141769870572275,0.015972021004328957,-0.4776520581637202,0.45411257167728286,-0.2160899288389794,-0.2750135305209009,-0.3585757726787641,-0.10639787078956561,-0.125808895963924,0.690949988215671,1.267262988996643,0.7582357947563296,5.99,"[0.0, 14.841751098632812, 17.06507110595703, 17.894973754882812, 18.97728729248047, 19.152090072631836, 19.241615295410156, 20.157272338867188, 20.821842193603516, 21.056930541992188]","[93, 5, 36, 53, 25, 99, 91, 87, 80, 46]"
94,64.0,0.9964217527437409,-0.210006143648522,-2.385687397169883,-0.12180324472898017,1.5667707328739253,2.4598778589981607,-0.6966125070484086,1.2380644185437752,0.289157526228723,-0.17188213298292507,-0.8389700396990701,-0.2231439327395254,-0.19839328391305458,0.5548654745224291,-0.37697969458482977,0.3180916012754469,-0.8268460468179674,0.2929002707625276,0.4707269849454912,0.12615898097476033,-0.3901218870123234,-0.912108250134106,-0.3899691715722808,1.6375706822148413,1.8494087665514487,-0.5518981501329803,0.014508389456781503,0.04781120711593464,34.7,"[0.0, 8.935296058654785, 11.708539962768555, 12.707454681396484, 14.058189392089844, 14.355247497558594, 15.963310241699219, 26.240177154541016, 26.37302017211914, 26.885936737060547]","[94, 8, 57, 79, 71, 63, 40, 81, 11, 30]"
95,64.0,-0.432498194301099,0.2438929854619091,1.3367632275255996,-0.5736185394921519,0.031831745083164255,-0.5250442173496438,0.9586749869566927,-0.2570317741101176,0.10749334238526466,-1.0442683082850859,-0.4491332190935424,0.4549479535561656,0.49828056889959316,-0.7653206764880003,-0.9069319971403548,-0.2142216932027179,0.0914353077527874,-1.2760376007046756,-0.8332830724670265,0.2239553290644968,-0.36157268734343434,-0.40963774186602653,0.20916047254243952,0.5612132635021121,-1.1864497119675323,0.24367827380117654,-0.3723263294584955,-0.3855355748090098,54.99,"[0.0, 8.804991722106934, 11.341803550720215, 12.949102401733398, 13.65974235534668, 14.161895751953125, 14.161895751953125, 14.165032386779785, 14.165032386779785, 14.645683288574219]","[95, 36, 97, 76, 45, 32, 33, 34, 35, 42]"
96,64.0,0.803250922035997,0.21151873963426346,0.012578444745332906,1.4871190390923796,0.1878579786211703,0.7663638480433271,-0.5415359722895494,0.757405244589557,-0.80703390195778,0.41009378597340157,0.613124179699589,0.010433773277988185,-0.20520365177143787,0.9532600645950333,1.6945102023254681,-0.21121101222068014,1.268198793362381,-2.8543352005241163,-2.8598954717210052,-0.4944019054711741,-0.3601988893945091,-0.7325246830290245,0.8756976579200191,-1.478425168864289,-0.8087731241003556,-0.33703853648190635,0.1771811572580928,0.06268822656522773,7.55,"[0.0, 16.808263778686523, 17.945236206054688, 20.905376434326172, 24.695194244384766, 26.20243263244629, 29.22768783569336, 32.4281005859375, 33.20409393310547, 33.64847183227539]","[96, 21, 38, 68, 72, 84, 13, 59, 45, 92]"
97,67.0,-0.4287859158163458,0.02264756101067759,0.8236107721292466,0.6686162042070416,0.6795342009750366,-0.5191325733265265,0.37554270318403793,-0.19797290901005332,-0.17329965559955063,-0.2587964780102392,-0.8408928513714533,-0.11173276363965823,0.22437333130540663,-0.17911132585235937,-0.18192944324222463,-1.0866972940110968,0.7899832834551174,-0.5830360557108124,0.5673003455931703,0.5445324707213555,0.12538877141392757,0.7199437367919846,-0.05272778294708161,-0.019325648459891556,-0.9723612242655939,-0.5896931274267421,-0.01632598443857406,-0.21535129543542153,19.85,"[0.0, 3.663675308227539, 4.364157676696777, 5.743892669677734, 10.187488555908203, 11.341803550720215, 12.362297058105469, 13.09395980834961, 14.85348129272461, 15.919792175292969]","[97, 42, 49, 28, 36, 95, 55, 76, 92, 16]"
98,67.0,-1.0713080783502307,0.630140375401079,2.017673696746819,2.114576253030607,-0.5455098411193429,-0.0665640556563025,-0.2157940964093257,0.14763930312652013,-0.28460734513187785,1.262324792646778,-0.8483739319498497,-0.8126750044745015,0.3029677254597115,-1.034983286785546,0.36667376668977203,0.11234249854531518,0.5251747648295254,0.3956847860356267,1.0862660861362614,0.040699387608288604,-0.32138445008378536,0.7564576281821624,0.8162402160286167,1.1030068034183236,-0.8594874199014835,0.3305618350393148,-1.1263062968146789,-1.3678744351455623,28.28,"[0.0, 4.429985523223877, 18.954919815063477, 20.298904418945312, 20.564651489257812, 21.05980682373047, 25.686920166015625, 26.813377380371094, 27.349271774291992, 28.44085693359375]","[98, 67, 97, 42, 36, 49, 28, 4, 78, 13]"
99,68.0,1.0120685334210315,0.048874696588071365,-0.4456723570587259,0.14989305849478815,-0.4711319930299028,-1.0063969223559024,-0.11959921790356312,-0.2929478163864978,0.1714638859524426,-0.21335095938825857,-0.5161836322842411,-0.1923962121388585,0.18206175895342674,0.7128459110154505,0.9900302075464436,0.8421370210329137,-0.6515415083815201,-0.27512086092766347,-0.0671720450854051,-0.057420346513471957,-0.6006494796751685,-1.452976580583312,0.29945723234383725,0.4671409537864663,0.18427749545375063,0.2816227861380146,-0.16616881559144167,0.06345212528446866,15.99,"[0.0, 0.20002713799476624, 3.753864288330078, 3.7642171382904053, 5.058976173400879, 6.425473213195801, 8.574265480041504, 10.303131103515625, 10.88498306274414, 11.683242797851562]","[99, 80, 54, 72, 84, 30, 91, 60, 1, 59]"
